{"cameraMode":{"drawMode":0,"name":"Shaded","section":"Shading Mode"},"sceneLighting":false,"audioPlay":false,"sceneViewState":{"showFog":true,"showMaterialUpdate":false,"showSkybox":false,"showFlares":true,"showImageEffects":true,"showParticleSystems":true},"in2DMode":false,"pivot":{"x":0.14488601684570313,"y":0.3212299346923828,"z":0.3426055908203125},"rotation":{"x":0.0966213271021843,"y":-0.050740137696266177,"z":0.004930930212140083,"w":0.994023323059082},"size":49.82387161254883,"orthographic":false}