{"cameraMode":{"drawMode":0,"name":"Shaded","section":"Shading Mode"},"sceneLighting":false,"audioPlay":false,"sceneViewState":{"showFog":true,"showMaterialUpdate":false,"showSkybox":false,"showFlares":true,"showImageEffects":true,"showParticleSystems":true},"in2DMode":false,"pivot":{"x":-0.000001519918441772461,"y":-3.7997961044311526e-7,"z":0.0},"rotation":{"x":0.09644651412963867,"y":0.5908832550048828,"z":-0.07143400609493256,"w":0.7977806925773621},"size":0.22237668931484223,"orthographic":false}