{"cameraMode":{"drawMode":0,"name":"Shaded","section":"Shading Mode"},"sceneLighting":false,"audioPlay":false,"sceneViewState":{"showFog":true,"showMaterialUpdate":false,"showSkybox":false,"showFlares":true,"showImageEffects":true,"showParticleSystems":true},"in2DMode":false,"pivot":{"x":0.0,"y":-0.023345351219177247,"z":0.00000286102294921875},"rotation":{"x":0.010184391401708126,"y":0.9838258624076843,"z":-0.16868768632411958,"w":0.059397585690021518},"size":11.070012092590332,"orthographic":false}