{"cameraMode":{"drawMode":0,"name":"Shaded","section":"Shading Mode"},"sceneLighting":false,"audioPlay":false,"sceneViewState":{"showFog":true,"showMaterialUpdate":false,"showSkybox":false,"showFlares":true,"showImageEffects":true,"showParticleSystems":true},"in2DMode":false,"pivot":{"x":0.000003814697265625,"y":0.0,"z":0.00000762939453125},"rotation":{"x":-0.38462603092193606,"y":0.006090069655328989,"z":-0.002538492903113365,"w":-0.9230543375015259},"size":12.383167266845704,"orthographic":false}