{"cameraMode":{"drawMode":0,"name":"Shaded","section":"Shading Mode"},"sceneLighting":false,"audioPlay":false,"sceneViewState":{"showFog":true,"showMaterialUpdate":false,"showSkybox":false,"showFlares":true,"showImageEffects":true,"showParticleSystems":true},"in2DMode":false,"pivot":{"x":10.657203674316407,"y":3.8865973949432375,"z":7.2614569664001469},"rotation":{"x":0.05613761022686958,"y":0.9428502917289734,"z":-0.20867237448692323,"w":0.25364816188812258},"size":13.090780258178711,"orthographic":false}