{"cameraMode":{"drawMode":0,"name":"Shaded","section":"Shading Mode"},"sceneLighting":false,"audioPlay":false,"sceneViewState":{"showFog":true,"showMaterialUpdate":false,"showSkybox":false,"showFlares":true,"showImageEffects":true,"showParticleSystems":true},"in2DMode":false,"pivot":{"x":0.000003814697265625,"y":-0.007283627986907959,"z":0.016176223754882814},"rotation":{"x":0.010184391401708126,"y":0.9838258624076843,"z":-0.16868768632411958,"w":0.059397585690021518},"size":3.5462355613708498,"orthographic":false}