{"cameraMode":{"drawMode":0,"name":"Shaded","section":"Shading Mode"},"sceneLighting":false,"audioPlay":false,"sceneViewState":{"showFog":true,"showMaterialUpdate":false,"showSkybox":false,"showFlares":true,"showImageEffects":true,"showParticleSystems":true},"in2DMode":false,"pivot":{"x":-1.6823028326034547,"y":-8.098858833312989,"z":1.5500727891921998},"rotation":{"x":0.007249865215271711,"y":0.9637266993522644,"z":-0.26548460125923159,"w":0.026317186653614045},"size":18.547203063964845,"orthographic":false}