{"cameraMode":{"drawMode":0,"name":"Shaded","section":"Shading Mode"},"sceneLighting":false,"audioPlay":false,"sceneViewState":{"showFog":true,"showMaterialUpdate":false,"showSkybox":false,"showFlares":true,"showImageEffects":true,"showParticleSystems":true},"in2DMode":false,"pivot":{"x":-503.1421203613281,"y":118.76589965820313,"z":-89.79971313476563},"rotation":{"x":-0.220469668507576,"y":-0.012585190124809742,"z":0.002837980864569545,"w":-0.9753223657608032},"size":192.6709442138672,"orthographic":false}