{"cameraMode":{"drawMode":0,"name":"Shaded","section":"Shading Mode"},"sceneLighting":false,"audioPlay":false,"sceneViewState":{"showFog":true,"showMaterialUpdate":false,"showSkybox":false,"showFlares":true,"showImageEffects":true,"showParticleSystems":true},"in2DMode":false,"pivot":{"x":-1.281000018119812,"y":0.9027353525161743,"z":-0.0226781964302063},"rotation":{"x":-0.0652877539396286,"y":0.8670799732208252,"z":-0.11804554611444473,"w":-0.47955793142318728},"size":1.4643698930740357,"orthographic":false}