{"cameraMode":{"drawMode":0,"name":"Shaded","section":"Shading Mode"},"sceneLighting":false,"audioPlay":false,"sceneViewState":{"showFog":true,"showMaterialUpdate":false,"showSkybox":false,"showFlares":true,"showImageEffects":true,"showParticleSystems":true},"in2DMode":false,"pivot":{"x":-0.004012942314147949,"y":-0.02198111265897751,"z":-0.00007986929267644882},"rotation":{"x":0.07186379283666611,"y":0.6965165138244629,"z":-0.0704544335603714,"w":0.7104488611221314},"size":0.2660253643989563,"orthographic":false}