{"cameraMode":{"drawMode":0,"name":"Shaded","section":"Shading Mode"},"sceneLighting":false,"audioPlay":false,"sceneViewState":{"showFog":true,"showMaterialUpdate":false,"showSkybox":false,"showFlares":true,"showImageEffects":true,"showParticleSystems":true},"in2DMode":false,"pivot":{"x":-0.005649924278259277,"y":0.6387498378753662,"z":0.07850197702646256},"rotation":{"x":-0.21129970252513886,"y":0.515682578086853,"z":-0.13294470310211183,"w":-0.8196138739585877},"size":0.6435917019844055,"orthographic":false}