{"cameraMode":{"drawMode":0,"name":"Shaded","section":"Shading Mode"},"sceneLighting":false,"audioPlay":false,"sceneViewState":{"showFog":true,"showMaterialUpdate":false,"showSkybox":false,"showFlares":true,"showImageEffects":true,"showParticleSystems":true},"in2DMode":false,"pivot":{"x":0.0,"y":0.00000286102294921875,"z":-0.0000057220458984375},"rotation":{"x":-0.38462603092193606,"y":0.006090069655328989,"z":-0.002538492903113365,"w":-0.9230543375015259},"size":10.29542350769043,"orthographic":false}