{"cameraMode":{"drawMode":0,"name":"Shaded","section":"Shading Mode"},"sceneLighting":false,"audioPlay":false,"sceneViewState":{"showFog":true,"showMaterialUpdate":false,"showSkybox":false,"showFlares":true,"showImageEffects":true,"showParticleSystems":true},"in2DMode":false,"pivot":{"x":395.2599182128906,"y":0.9519338607788086,"z":195.27760314941407},"rotation":{"x":0.3084549903869629,"y":0.13354070484638215,"z":-0.04376427084207535,"w":0.9408193230628967},"size":10.0,"orthographic":false}