{"cameraMode":{"drawMode":0,"name":"Shaded","section":"Shading Mode"},"sceneLighting":false,"audioPlay":false,"sceneViewState":{"showFog":true,"showMaterialUpdate":false,"showSkybox":false,"showFlares":true,"showImageEffects":true,"showParticleSystems":true},"in2DMode":false,"pivot":{"x":-2.478931427001953,"y":2.6427268981933595,"z":-1.1388664245605469},"rotation":{"x":-0.0652877539396286,"y":0.8670799732208252,"z":-0.11804554611444473,"w":-0.47955793142318728},"size":65.25495910644531,"orthographic":false}