{"cameraMode":{"drawMode":0,"name":"Shaded","section":"Shading Mode"},"sceneLighting":false,"audioPlay":false,"sceneViewState":{"showFog":true,"showMaterialUpdate":false,"showSkybox":false,"showFlares":true,"showImageEffects":true,"showParticleSystems":true},"in2DMode":false,"pivot":{"x":-65.70832061767578,"y":-161.59547424316407,"z":-18.532140731811525},"rotation":{"x":-0.11048327386379242,"y":0.07179754227399826,"z":-0.008004817180335522,"w":-0.9912536144256592},"size":405.92041015625,"orthographic":false}