{"cameraMode":{"drawMode":0,"name":"Shaded","section":"Shading Mode"},"sceneLighting":false,"audioPlay":false,"sceneViewState":{"showFog":true,"showMaterialUpdate":false,"showSkybox":false,"showFlares":true,"showImageEffects":true,"showParticleSystems":true},"in2DMode":false,"pivot":{"x":0.000001519918441772461,"y":-5.364418029785156e-7,"z":-2.3283064365386964e-9},"rotation":{"x":0.08767786622047425,"y":0.5101640224456787,"z":-0.0523776151239872,"w":0.8539928793907166},"size":0.22597400844097138,"orthographic":false}