{"cameraMode":{"drawMode":0,"name":"Shaded","section":"Shading Mode"},"sceneLighting":false,"audioPlay":false,"sceneViewState":{"showFog":true,"showMaterialUpdate":false,"showSkybox":false,"showFlares":true,"showImageEffects":true,"showParticleSystems":true},"in2DMode":false,"pivot":{"x":1.227142333984375,"y":-5.936611175537109,"z":0.000030517578125},"rotation":{"x":-0.05544636771082878,"y":0.030253851786255838,"z":-0.0016831554239615799,"w":-0.9980065226554871},"size":357.33929443359377,"orthographic":false}