{"cameraMode":{"drawMode":0,"name":"Shaded","section":"Shading Mode"},"sceneLighting":false,"audioPlay":false,"sceneViewState":{"showFog":true,"showMaterialUpdate":false,"showSkybox":false,"showFlares":true,"showImageEffects":true,"showParticleSystems":true},"in2DMode":false,"pivot":{"x":0.7947922348976135,"y":-0.2877870202064514,"z":-0.34177157282829287},"rotation":{"x":-0.0026844386011362077,"y":0.9963756203651428,"z":-0.07787548005580902,"w":-0.03437971696257591},"size":1.3549163341522217,"orthographic":false}