{"cameraMode":{"drawMode":0,"name":"Shaded","section":"Shading Mode"},"sceneLighting":false,"audioPlay":false,"sceneViewState":{"showFog":true,"showMaterialUpdate":false,"showSkybox":false,"showFlares":true,"showImageEffects":true,"showParticleSystems":true},"in2DMode":false,"pivot":{"x":-4.80706262588501,"y":-0.30442380905151369,"z":3.6010894775390627},"rotation":{"x":-0.0595153346657753,"y":0.2491663545370102,"z":-0.01534551102668047,"w":-0.9665145874023438},"size":9.506817817687989,"orthographic":false}